{
  "implemented": true,
  "name": "poochi",
  "labels": [ "custom" ],
  "pokedex": [ "cobblemon.species.poochi.desc1" ],
  "height": 4,
  "weight": 57,
  "shoulderMountable": false,
  "shoulderEffects": [ "slow_fall" ],

  "primaryType": "normal",
  "secondaryType": "fairy",
  "baseStats": {
    "hp": 70,
    "attack": 45,
    "defence": 48,
    "special_attack": 60,
    "special_defence": 65,
    "speed": 35
  },
  "catchRate": 30,
  "maleRatio": 0.5,
  "baseExperienceYield": 10,
  "experienceGroup": "fast",
  "eggCycles": 10,
  "eggGroups": [
    "ditto"
  ],
  "baseFriendship": 70,
  "evYield": {
    "hp": 1
  },
  "moves": [
    "1:charm",
	"1:copycat",
	"1:defensecurl",
	"1:disarmingvoice",
	"16:psybeam",
	"03faketears",
	"50:raindance",
	"79:dazzlinggleam",
    "1:growl",
	"1:pound",
	"1:sing",
	"1:splash",
	"1:sweetkiss",
	"4:storedpower",
	"8:encore",
	"12:afteryou",
	"16:lifedew",
	"20:metronome",
	"24:moonlight",
	"28:gravity",
	"32:meteormash",
	"36:followme",
	"40:cosmispower",
	"44:moonblast",
	"48:healingwish",
	"66:mindreader",
	"66:guillotine",
	"tm:strength",
	"tm:rocksmash",
	"tm:toxic",
	"tm:hail",
	"tm:bulkup",
	"tm:hiddenpower",
	"tm:sunnyday",
	"tm:icebeam",
	"tm:blizzard",
	"tm:hyperbeam",
	"tm:protect",
	"tm:raindance",
	"tm:frustration",
	"tm:return",
	"tm:brickbreak",
	"tm:doubleteam",
	"tm:facade",
	"tm:secretpower",
    "tm:rest",
    "tutor:superpower",
	"tutor:doubleedge",
	"tutor:endeavor",
	"tutor:zenheadbutt",
	"tutor:payday",
	"tutor:swagger",
	"tutor:present",
	"tutor:sleeptalk",
	"tutor:substitute",
  ],
  "abilities": [
    "cutecharm",
	"magicguard",
    "h:friendguard"
  ],
  
  "baseScale": 1.0,
  "hitbox": {
  "width": 0.8,
  "height": 0.6,
  "fixed": false
  },
  "drops": {
  "amount": "2",
    "entries": [
      {
        "item": "minecraft:feather",
        "quantityRange": "1-2",
        "percentage": 40
      }
    ]
  },
  "behaviour": {
    "moving": {
      "walk": {
        "walkSpeed": 0.3
      },
      "canLook": false,
      "fly": {
        "canFly": false
      },          
      "swim": {
        "swimSpeed": 0.2,
        "canSwimInWater": false,
        "canBreatheUnderwater": true
      }
    },
    "resting": {
      "canSleep": true,
      "depth": "normal",
      "light": "0-6"
    }
  }, 
}