{
  "head": "poochi",
  "portraitScale": 1.0,
  "portraitTranslation": [ 0.1, 0, 0 ],
  "profileScale": 1.0,
  "profileTranslation": [ 0, 0.2, 0 ],
  "faint": "bedrock(poochi, faint)",
  "cry": "bedrock(poochi, cry)",
  "poses": {
    "standing": {
      "poseName": "standing",
      "transformTicks": 10,
      "poseTypes": [
        "STAND",
        "NONE",
        "PORTRAIT",
        "PROFILE"
      ],
      "animations": [
        "look",
        "bedrock(poochi, ground_idle)"
      ]
    },
    "walking": {
      "poseName": "walking",
      "transformTicks": 10,
      "poseTypes": [ "WALK" ],
      "animations": [ "bedrock(poochi, ground_walk)" ]
    },
    "sleep": {
      "poseName": "sleep",
      "transformTicks": 10,
      "poseTypes": [ "SLEEP" ],
      "animations": [ "bedrock(poochi, sleep)" ]
    }
  }
}